path,kind,size_bytes,sha256
RESULTS_SUMMARY.md,metadata,1871,77012e859b61bae3f833ec243166bd46018236b4cc93ec494be2810f597f6579
commands.log,log,3501,27056cdfed76e8e9468a7ee5b0cb1cc36f485d8565800342611142840b7989f7
environment.txt,metadata,1008,58734dd7205e16fd7c0b6a73496e6869a396a1ac1b57bb2716aaf37b1f26c7d3
figures/confusion_abstention_guard.pdf,figure,17945,e545d03e0a58d1207b08b25176aab6dac268004ecc79ecedafcb8cf99d85efdd
figures/confusion_abstention_guard.png,figure,69356,6a2f8c8d17ba3ffebf45176640dbc80eb07748b7da1caf2a0b3e0a778025aedf
figures/confusion_always_abstain.pdf,figure,18334,723ffdf5684f98791d65990ee32aabfb0b7ad50b1e7aa94ba1be6fceea42c34f
figures/confusion_always_abstain.png,figure,67891,0d9f0da852c0cb2a459af6bcae50a07fe99c45305e43dcdcfed67609295c013a
figures/confusion_always_accept.pdf,figure,17712,306f1ee7f62240a6321524582b256caa4a600c5b841c5f1804221f160c6642ec
figures/confusion_always_accept.png,figure,68246,d644038c55796a16ff634c3a8bcef1d16a53800404ad829a51c3251a06568266
figures/confusion_corpus_search.pdf,figure,17666,8c50ddcefe5b7372c75beb34a821efeaf9c29d7ca7b4d096441844ab2655d0dd
figures/confusion_corpus_search.png,figure,67772,cf9849d1334e71adadecda5ebdebbf00cb6686d6b1dbd688c6f1b76e1774c3d4
figures/confusion_heuristic.pdf,figure,17132,8cae211a2a411a91bdc0fbf2a64e74471365ab8286a38955606d7dddd8a5e674
figures/confusion_heuristic.png,figure,64031,0b29fffd94881449fe0c7f3a457be394391ce1523617da14a4e8689f044b6b3d
figures/confusion_local_mutation.pdf,figure,17221,8d2c289a1d0f6b0d84c8e852cb52910bb8f8e016fe26a66d4cc03d271a688d54
figures/confusion_local_mutation.png,figure,67706,2ddb760867b288c8d56478ffbaec729a34c877890e777c55f283cdadfadc71e3
figures/confusion_verifier_guided_greedy.pdf,figure,17800,b839e78c8056c7ffd6195c1ce595ea5369f362a7a75fdb4a3e69543f5e0449ca
figures/confusion_verifier_guided_greedy.png,figure,70671,1f16d1f7c7fdeb2fc944bc52fd41a826142f6e6d8e469a58fc67c8ecdc0b05a8
figures/confusion_verify_first.pdf,figure,17822,c40829da2f6a242e84b3197b6934d1d77435c52f5f67da45a3b9b161a0339998
figures/confusion_verify_first.png,figure,66894,032594ebba6940c907a4654fb73b6b02e79f389793b315435de563dfc8d2e08a
figures/confusion_well_engineered_wrapper.pdf,figure,17779,c9c3545e0bdd1d88411c32ff8c5bc006c3cac758a978e15e2229966248502d0a
figures/confusion_well_engineered_wrapper.png,figure,70027,919c3b9fe2bbf5d2ecf5b9a42ffa766740e4e8da95d0a91a901b1aa28ff0f841
figures/metric_rank_shift.pdf,figure,18327,eed412076d0fc8a881467933dfc5ab23a1273c9165e1c6a00ad3e9842d85480c
figures/metric_rank_shift.png,figure,250214,fcd1668fce55de2147eeed93142c5a38ab40cff017c42b2838608f5c36ad4d0d
figures/per_family_action_accuracy_heatmap.pdf,figure,19521,080e8c0381ef9b6f174eedf9c702d124677d7702c269de28d1b8f3365b285580
figures/per_family_action_accuracy_heatmap.png,figure,196953,250bf17089b9a9418996d2e708943d1b6a8e6de4de1efb54687e8fa0bffdfe42
figures/protocol_ladder_action_accuracy.pdf,figure,14588,e9905d28ec41afac4f90898b0123c0cd82388d8e47f758bf066c5fa8910a2002
figures/protocol_ladder_action_accuracy.png,figure,90411,5d7886a7df1aac9cb2758ab6b7810a9c562f0b3d7b23d7faad00d7b9ea16b5e3
figures/protocol_ladder_verify_calls.pdf,figure,15036,17ac9a95609dc9f6ffeda2870b4c4f092bb3bca90e3f7008e6990866290105cf
figures/protocol_ladder_verify_calls.png,figure,90504,3173ea84e61101e3658ace4c418a1cc97e421e149c21e6cfd38c35c96fe68b09
figures/wrapper_ablation_action_accuracy.pdf,figure,13579,b1d0ed835282b404201f01304ba9410a9e4ea847dda15bc2004c1392e7ae2e6a
figures/wrapper_ablation_action_accuracy.png,figure,120122,40fce4d5562807c4fcb4cea37b19302579783916a4cdae333a60a06d593deedb
figures/wrapper_ablation_budget_curve.pdf,figure,11796,7085d6c8291dd1c2fea01301a2a25ff959a57462e8f76b664f8b6ba3cbeacdfa
figures/wrapper_ablation_budget_curve.png,figure,38930,933d9833e92434bc886794ecd1a7f6f542f5f58ce1c48d81cd498f09fd32c205
launchctl.log,log,1238,0cb99e5c24e71e9db14335a6b162ac7e94b9c7a42ac94ad43f43048d7472a64f
notes/external_diagnostic_snapshot.md,note,231,33dba014649340274d93c9187613c82d809928b5af1a7a0ab8b419a5942ae7f8
notes/external_diagnostic_snapshot_skipped.md,note,231,33dba014649340274d93c9187613c82d809928b5af1a7a0ab8b419a5942ae7f8
notes/metric_sanity_interpretation.md,note,1057,24524cccca335b59f1a56da91e232542ea0905fe711c6d32d632b60d2bc3f3f6
notes/paper_insertion_memo.md,note,2003,5b78bfcf5bf8d8af9a69b71996c49188d99daedede9205b35f3f77b3d80deb75
notes/protocol_ladder_interpretation.md,note,707,016c88227aa57ab1fb4f707660f8425a9b391a8530b42db7ef9c23c0ee5053de
notes/wrapper_ablation_interpretation.md,note,1036,9159e6ab86403af77f1612aecfc028ede405d03268ac1878549da9d72c60ad05
summaries/external_snapshot_subset.json,summary,3213,10c7d0d9b13f3c1b60abe01189d7bcaa0773ff57e5ce92ea23c6f08843419692
summaries/normalized_run_metrics.csv,summary,19268,9bf982d59a0333ef3762dd433fd2a3b364509b24085fd43f0c153b710fe51feb
summaries/normalized_task_results.jsonl,summary,6259897,d76f2de7eed7564c5921181a2c11950b13d8579f8b24c1ca6c08522faeb7240f
tables/action_collapse_summary.csv,table,728,f2a8d008c1a0bd659f2e6aa7e619ba7d00165652b5703327e3cc6f81c13938c9
tables/action_collapse_summary.md,table,1002,8d008841b31b21a67adf797ac24712a10a108745985018a677d880f43aa013a2
tables/artifact_integrity_gates_v2.csv,table,403,5f79ec10cd633fb0c1bc2385b54a23a0c9f30689cc697bbd1f45f45d093a3a1e
tables/artifact_integrity_gates_v2.md,table,510,3238cd4e3dfdab2c29acf84bbfd526ebe84f7e2cc53c51eb3ab0acda0f2c25a9
tables/bootstrap_ci_test_bundle_level.csv,table,5837,7740a8e6dcd88b1efea89305c070d0ad24f7bb8cb587a23d1e127243563f3a0c
tables/bootstrap_ci_test_task_level.csv,table,4014,a6f82aba3f13a39f44ccb2e943f0f5cb43415af63f166764b03bbe8d63e24e9b
tables/confusion_abstention_guard_counts.csv,table,103,b2dbbb26a1a7bc075811291108fd5a73522ed9b7d654cd363dc567c9022160a3
tables/confusion_abstention_guard_row_normalized.csv,table,198,64e705c157b15d771845861e3768055a4f0a4781b986f1155cd2aa8ad8e87b7d
tables/confusion_always_abstain_counts.csv,table,100,345e006d16e7d17ef99181028cac2c93ca3aa2b842f47066db0d2684c60a13ff
tables/confusion_always_abstain_row_normalized.csv,table,120,ad727c24111b76905383e56af066f500022fff84321bff142c146a8cec72091f
tables/confusion_always_accept_counts.csv,table,101,fd907fcbf33a72464d8640c017c93aba6953196733a4b8ffc1d58359f509e76b
tables/confusion_always_accept_row_normalized.csv,table,180,c6ef13344a1a3306d782ea5b48cafbd9649f7177ab9b0bf21a2cd97273357c80
tables/confusion_corpus_search_counts.csv,table,100,b54e865348a59110fd962480a0da3c96f2cc8c247004f92063f5d2bf9712710c
tables/confusion_corpus_search_row_normalized.csv,table,120,5952050289c31dd8a5de38a918a0cdab4b1c71560fe4a71c9c8b17faaefb705c
tables/confusion_heuristic_counts.csv,table,102,fc154f832072faf92f5dcea626ebf62ab6c2b2d8710f836b72022bf5623cc506
tables/confusion_heuristic_row_normalized.csv,table,168,2a3bb386e7ca7ad32aaa516f94d9e4c758fb3614c95b8c766a618e32b1867873
tables/confusion_local_mutation_counts.csv,table,100,b151343e1be2e1ae72f52341f8f8c4c821284232b481dbb981f0f3e500561a78
tables/confusion_local_mutation_row_normalized.csv,table,150,4da279d5cdd37331b101b22b9cff5fc11cb9c37a640c274ccfc37514e152c765
tables/confusion_verifier_guided_greedy_counts.csv,table,102,cb515ecbda97a6dc1b021cc18da5ffa36efd30c38319c97626ff00a77b2e7c1d
tables/confusion_verifier_guided_greedy_row_normalized.csv,table,182,3bfeb293f3d22ecfbc809167ab995c58cd83b1f27a81ccd5b8d5265184bc8d86
tables/confusion_verify_first_counts.csv,table,100,b151343e1be2e1ae72f52341f8f8c4c821284232b481dbb981f0f3e500561a78
tables/confusion_verify_first_row_normalized.csv,table,150,4da279d5cdd37331b101b22b9cff5fc11cb9c37a640c274ccfc37514e152c765
tables/confusion_well_engineered_wrapper_counts.csv,table,100,e999bbcb48c63eb55cee1450279a181c7cba3573fd02be0355c79dd565c6466c
tables/confusion_well_engineered_wrapper_row_normalized.csv,table,120,2005632b2119b447ffd881b1b02283ac4fa6e3dcf63be446f0955ac1e1fbf798
tables/external_diagnostic_snapshot.csv,table,521,b38211d2d0da99f877964244b67ea37a76cf2f15422fd0991eaeeb6e855f1eec
tables/external_diagnostic_snapshot.md,table,803,8fa61c65a826ca60e4501c2da653d8c2081a48f3a53c4693d3e02afdd2d96a81
tables/full_offline_baseline_matrix_all_splits.csv,table,11984,c8beb53582986bb4f8b683385f211b6643054298454c1d01219cea5411c8657a
tables/full_offline_baseline_matrix_test.csv,table,4398,4f0c7fd9bd1fd10dcf70ebddb16092d6506597b7d2b42d22f4aec325b23bf165
tables/full_offline_baseline_matrix_test.md,table,3769,77b0581b1b8dd53ecf10c0baab22046d91af2688f57cac738250027bdc075d6c
tables/main_table_representative_baselines.csv,table,953,064cd2b4ad9448b18cd9c9922bc4744a438711c1263a28a9e9e63036c670582e
tables/main_table_representative_baselines.md,table,964,5c10bcfedaad1751ccd3528f10e6976e3384b537d9ec9b57add4c9861506cd31
tables/main_table_representative_baselines_with_ci.md,table,1357,c74e28509af0cec336ccc822a108369dea19c54413cd1b1a391415b43c3000ed
tables/metric_ranking_sensitivity.csv,table,11841,ba437dd6f6ae0496c343d1fa7726859733ce1ef0b8fc7005fe0ae66bf94964c6
tables/metric_ranking_sensitivity.md,table,12364,c1f023989d4e6c976b2b4391549d2758aec0ae330822511eabdbc47e69fdb40c
tables/metric_winners_by_objective.csv,table,2627,489defa3ba23ceb2dfebecf1853a791a209766950b52bc5d1af2df8f67139e8f
tables/metric_winners_by_objective.md,table,2795,a208b1dcb5dc293d36c65f203d87c16a54e6ce081c48910a13aff0ea08ddb196
tables/per_family_action_accuracy_test.md,table,1100,d7fc91b68f8f7beddb2a84248223e428955f86c0cea7ba87c81d8f590f7d6d5d
tables/per_family_metrics_test.csv,table,8174,0b5d0d5505fab42574dfe764debf60e5b88da63915b5721e84e2b2f12bf552c9
tables/protocol_ladder_test.csv,table,3093,43d3a2aa82fafa8792155d3425873f0f5791f11861ba92e7c26ff9eec52df049
tables/protocol_ladder_test.md,table,2781,9849aa7301d7c83e35bde788f974da994b086f7b9bddd1db41a9e36ed5595937
tables/wrapper_ablation_test.csv,table,2779,6979510dc05c81a12e71528f3df8a07501f487905529141ff84c5d3c466b4981
tables/wrapper_ablation_test.md,table,3202,6a8108b44d8bbbd8df58a3c6adca148b3b74dc6b1faba7c540d4ded76432dc2e
validation/make_paper_v2_tables_and_figures.log,validation,0,e3b0c44298fc1c149afbf4c8996fb92427ae41e4649b934ca495991b7852b855
validation/model_prompt_leakage_audit.log,validation,173,f7bb847609eacc7e86338aa482103d54ac6c9f430711df5bc184a538c1743977
validation/neurips_ed_preflight.log,validation,249,572995d8a36eb0ea8b3a8ec0fb65f6b1b010b5c16f11418d62e5a394c5aedf8f
validation/oracle_scrambling_audit.log,validation,189,6b7a5e6e01b9ea26842da5939a4281b1eaccd81cd573c8e04a3bad2a71ce627e
validation/paper_v2_consistency_check.log,validation,116,be362d047b79332492b2ef58e837af47623fcb8c36b2f752b9e332d2351e1eba
validation/pip_show_specguard_chem.log,validation,1536,3e2fc08d8fc8fbd4f1c25f64b53ea597381aabcfbcb715e121710561184eb606
validation/run_benchmark_full_offline_dev.log,validation,2354,05d39827aca807a3272aada56d3371fc6d78a54c9a4b0afd390867e85ed13bb2
validation/run_benchmark_full_offline_test.log,validation,2355,c49ecd9903e0716201f3527f06686dc58e120a0385aa74221b4940f2216beda6
validation/run_benchmark_full_offline_train.log,validation,2356,922daeac4a40042ce028d26b7d3e5516ab6467e8e561fe4b513fb87d6d4d17cd
validation/run_benchmark_protocol_ladder_test.log,validation,2873,031122b77197f291597016ceb7f523f7e6dc298c9b8b068245d814031b314207
validation/run_benchmark_wrapper_ablation_test.log,validation,2050,735a1a68a5f8d2704609cc67d6d05ac437761a57aa49c6e5f93d2181de5a3700
validation/specguard_chem_help.log,validation,2692,b595aa1a6f4aad8f0b64974ceafdecc586175bd51071118feddb425dd25b7a75
validation/task_inventory_audit.log,validation,1257,7251c9f19725e77f89399c51bebbd97c98701aef22e4025616405e172f5757cf
validation/validate_croissant.log,validation,55,59c842d87ba3ebad515d0667b3366c051cd7159a1fb3e6df5963160768fef27f
validation/validate_dataset_strict.log,validation,3936,cd13157d9eb99f09b1b7c75b389ec4445fad8f6dad3669fcd8c752e74281eb76
