run_dir,suite,adapter_run,report_bytes,summary_bytes,leaderboard_bytes,trace_bytes,trace_lines,report_sha256
full_offline_dev/abstention_guard,full_offline_dev,abstention_guard,1327713,441,15633,683147,130,bb5ba11a486cbdc3962d15afcd8f07809b3fbae9dbf4bab1af59c102997bee31
full_offline_dev/always_abstain,full_offline_dev,always_abstain,313218,339,14917,224140,130,de6276e5ec3d5ee7fa6bed13dc34f5eed8a88889a2e1caaa0ac72734dfd711bf
full_offline_dev/always_accept,full_offline_dev,always_accept,1355470,442,15795,691967,130,e73e0ddb1c0c778033725d0dd2a0780df86ccb2c7f9bd458817969fd577e107d
full_offline_dev/always_reject,full_offline_dev,always_reject,1218948,354,16911,712742,130,d3871a6cafc1865f20cb1cef98cb5f1e19bbd20a349a637cc445d0e73645f83e
full_offline_dev/corpus_search,full_offline_dev,corpus_search,1066221,425,15269,562074,130,2eb603b616713dfc7bd981fb3d7dd163dea7b8ea7c7226f3658488b751914b35
full_offline_dev/heuristic,full_offline_dev,heuristic,1557101,383,16097,791172,130,304ff4efa8a8164a5cc71609048dd2e50569cc4b4ff8cf17571a6da67b1324ca
full_offline_dev/local_mutation,full_offline_dev,local_mutation,1114876,429,15329,581524,130,c22c16aa16ef4b1a54fa2ce4b4aa199cdfebc6a30fe7e21eb5dbb91c1776d598
full_offline_dev/open_source_example,full_offline_dev,open_source_example,1668942,384,16077,842974,130,b40d75e551b271515d95c99d4bc77e35c96990aa99b9dde940e2e285e7d26aeb
full_offline_dev/random_action,full_offline_dev,random_action,1055234,386,15973,583662,130,c22c30a4d35fdcb9f45f94062428781e194db392bfda3786ed3249dddc94895c
full_offline_dev/schema_valid_dummy,full_offline_dev,schema_valid_dummy,1355216,442,15795,691967,130,5c510b7f2aa8718ef693e1d13c58c5c7e0d39b8579959cd22386e7872ef16550
full_offline_dev/verifier_guided_greedy,full_offline_dev,verifier_guided_greedy,1539623,442,15709,779397,130,1e34d2ecb573ce11bccd54a01586b13bbabd9965d5c3a439e9c7f412c7795490
full_offline_dev/verify_first,full_offline_dev,verify_first,1356490,428,15329,695385,130,ad4a464b895a726476d75b232e02c30d0b748302d27104c2a92251262a8babdc
full_offline_dev/well_engineered_wrapper,full_offline_dev,well_engineered_wrapper,1354712,444,15393,698164,130,9a174a143be39b85fa2a09a09c93d8856b2ff8c5570c02b3266936107d6f73c9
full_offline_test/abstention_guard,full_offline_test,abstention_guard,2976686,441,31701,1535390,266,6220240165c0e005e0abd0e9d2eae942279537b5bc3f72cf3a6e942231c8b7f1
full_offline_test/always_abstain,full_offline_test,always_abstain,612576,340,30378,458050,266,d16b4ea5f13f533bff392ddc10a27c092ab17289ec84edcbfe4bd12f82cc48f1
full_offline_test/always_accept,full_offline_test,always_accept,2713681,442,31782,1402444,266,68295b6dbc0f3029fb80f43d852dc8ab2bdcf2bb69a3304ca9b8cdf16ff7143f
full_offline_test/always_reject,full_offline_test,always_reject,2556767,355,34464,1510370,266,432d0de9aea2916e255ae56fbc33275661b09cf6562e482710e5078bac549049
full_offline_test/corpus_search,full_offline_test,corpus_search,2122909,427,31086,1129872,266,f4bed2280d4b5510ae0d8b41c5dd47c6c86d39fbf26fd88bebbb9994a409de6c
full_offline_test/heuristic,full_offline_test,heuristic,3523174,386,33027,1800642,266,065194c03b3e2ce0a62ef9039895585e3199308a0f89de14f6800c3110cb72ad
full_offline_test/local_mutation,full_offline_test,local_mutation,2237976,415,31092,1180590,266,2da754016070a1f4713fb42240fdde85bba21b2a3cf631e13b66f291ccf14f6f
full_offline_test/open_source_example,full_offline_test,open_source_example,3741549,386,32975,1901779,266,270eb59619b4048756386199101078ee1d16a86eae48de3fd5630a6bdfab7e44
full_offline_test/random_action,full_offline_test,random_action,2348084,387,32873,1318570,266,1c32de350d5a28b9e1eea671ed62cfd061df2def873488cffa52cf01af136b44
full_offline_test/schema_valid_dummy,full_offline_test,schema_valid_dummy,2713426,442,31782,1402444,266,dc9ae431d675e3f2288a5cf5001fd9bffa2df678a86fab8907e5519ebcaeca1c
full_offline_test/verifier_guided_greedy,full_offline_test,verifier_guided_greedy,3289495,445,31800,1676591,266,2cd75b0dba831545d2933bcdc901b95bc84f27be8a81ab7c4e1b4b86a1fe3448
full_offline_test/verify_first,full_offline_test,verify_first,2733548,415,31092,1416123,266,5c48f8ccdc1aee5763de48f8a226d83761ac3398763f0852317cf9d1cc8f0f46
full_offline_test/well_engineered_wrapper,full_offline_test,well_engineered_wrapper,2845368,444,31381,1478339,266,f932f34886423c08a623ed32068e5174478c706b8e11ad2f021bea105e36e8e4
full_offline_train/abstention_guard,full_offline_train,abstention_guard,2525137,443,30633,1314412,260,61fc037dec54b1a71f2b30f4b0a2bd5edceeb716fd4ca4bc9f5a93706161b2e5
full_offline_train/always_abstain,full_offline_train,always_abstain,598245,341,29612,446943,260,2fdf6442616f18940916eb01d2f4a182250bc4d92fe7ac116e80e58f199669b6
full_offline_train/always_accept,full_offline_train,always_accept,2394008,443,30702,1249943,260,42af85afc3517388b28c7dfc60911a68a68f5b6136859e17c5a0d46d10a7a920
full_offline_train/always_reject,full_offline_train,always_reject,2374461,356,33584,1407749,260,e8cdbb031701134cd17b3a158760dfeb3813c3bf325d638c54a0620944aa82e5
full_offline_train/corpus_search,full_offline_train,corpus_search,2082354,429,30286,1110888,260,ff8765c2a1acc1774764c22528410881135d76e7d6a50a226c3dbadcfef1e841
full_offline_train/heuristic,full_offline_train,heuristic,3078311,386,31880,1577898,260,0305579c65f6bc23b0bcbc3a49a2936c8710034f5fb03fba49a7aad7c76db81f
full_offline_train/local_mutation,full_offline_train,local_mutation,2140063,446,30368,1129414,260,9fb509471bea8347fc2aa476eb71e3b2a35bcd5bbd818d40521893988677b3af
full_offline_train/open_source_example,full_offline_train,open_source_example,3312253,386,31848,1686344,260,dcf6b42600accc2f799907e56d10234acff1f060be8a8d8e9733a0531cc64d0e
full_offline_train/random_action,full_offline_train,random_action,2206277,386,31989,1237883,260,fc3481c1a21bf19ba0770863bc121bf9d8050da2f0d0c2757c0512b433245ae2
full_offline_train/schema_valid_dummy,full_offline_train,schema_valid_dummy,2393738,443,30702,1249943,260,00c2cb2e5a36bf759c7fe528943881068b34e15c228bf6c12a06a55a46305a36
full_offline_train/verifier_guided_greedy,full_offline_train,verifier_guided_greedy,2936415,444,30838,1504086,260,a5e3aea8fda94636d21ef097fddd8c4facc4a8a50bc13376d295e964b61109e6
full_offline_train/verify_first,full_offline_train,verify_first,2581883,446,30368,1337787,260,94e92cf5dcbd49d5fc901ce4e5159ce7ddd2211ea8b5369ed225ec227424284e
full_offline_train/well_engineered_wrapper,full_offline_train,well_engineered_wrapper,2722621,448,30711,1415301,260,fff48851f5a03badf6370a361589c84fc7765686d7a1be50375b92c8ce4a8d79
protocol_ladder_test/abstention_guard_L1,protocol_ladder_test,abstention_guard_L1,813653,366,12134,421531,97,4e6ea69008eeb1cd4e7a827dd09d4147562b496ed123f043e720b04313e2af8e
protocol_ladder_test/abstention_guard_L2,protocol_ladder_test,abstention_guard_L2,1022768,437,9947,515203,85,21febda2483b475b404245cb5433cdadcc24cf2e14a9dec352066c617b2cc9d7
protocol_ladder_test/abstention_guard_L3,protocol_ladder_test,abstention_guard_L3,1187305,438,10106,598656,84,2d89fcc4119b63a2b7eb18bae9ce995b8cc3a77e8410b45285cae2030ad700d0
protocol_ladder_test/heuristic_L1,protocol_ladder_test,heuristic_L1,808110,366,12116,417882,97,6c1cda50bdc999c038eed020b0d4881e620145ced0a6a052df0fc8936adab161
protocol_ladder_test/heuristic_L2,protocol_ladder_test,heuristic_L2,1297749,380,10721,646671,85,1aae6956b513cd47b25d8459f5835696451b316bda3d8f4b85f754085ddd2506
protocol_ladder_test/heuristic_L3,protocol_ladder_test,heuristic_L3,1464358,382,10676,736089,84,36650f5c323d1d4437080b4c5f2c5bfcae17fcbe54bc1343a64ba6b2f014cec2
protocol_ladder_test/local_mutation_L1,protocol_ladder_test,local_mutation_L1,800868,426,11846,414190,97,cffa8adc843e23dfe4b2f0fb37795cea0b385b9ecfabfc2e697e1163d1a737ad
protocol_ladder_test/local_mutation_L2,protocol_ladder_test,local_mutation_L2,669102,409,9839,347747,85,430e93b827fe8d93667576380b58edb40d1dec113f2db31b983d7c62c4a6428e
protocol_ladder_test/local_mutation_L3,protocol_ladder_test,local_mutation_L3,814274,439,9893,418653,84,c70e2a3a0820c3074aae2f21a443174355a7fc073c7f58031d3d6094d4dc3bf5
protocol_ladder_test/verifier_guided_greedy_L1,protocol_ladder_test,verifier_guided_greedy_L1,808251,366,12116,417882,97,0bd8add336d6215b67b86a81463c3d36c97dd524520f544e4bf0e8d311e190f7
protocol_ladder_test/verifier_guided_greedy_L2,protocol_ladder_test,verifier_guided_greedy_L2,1038519,415,10001,521500,85,d3af9cbb924147b3bf31762306e8a6d2d701d3174e0b49c75e1698bfd32cb281
protocol_ladder_test/verifier_guided_greedy_L3,protocol_ladder_test,verifier_guided_greedy_L3,1489631,427,10169,737209,84,9ea2c801527d43f35895287657414c12740b5237a701a8ffcd8fe2987d6529ca
protocol_ladder_test/verify_first_L1,protocol_ladder_test,verify_first_L1,800166,426,11846,413761,97,b1a0f97265c8ac0330f8638e6a06395ec32d4dcb0c10ebd1fdd31e760600a6d7
protocol_ladder_test/verify_first_L2,protocol_ladder_test,verify_first_L2,669129,409,9839,347747,85,ac78287317a95fc6357e4e0f19c5bf172369f1d4fe876097492502b051ca5bb5
protocol_ladder_test/verify_first_L3,protocol_ladder_test,verify_first_L3,1310360,438,9893,654615,84,e28dea9f112cda6b2e46881c4a68cfcf3668735e3517669fd79db2b384c8a5e6
protocol_ladder_test/well_engineered_wrapper_L1,protocol_ladder_test,well_engineered_wrapper_L1,581199,366,11555,316780,97,1d27a2cd03724c1358a36c3ecd9892ca2398216f43c276f59c4856f8c560ae97
protocol_ladder_test/well_engineered_wrapper_L2,protocol_ladder_test,well_engineered_wrapper_L2,986536,440,10289,499320,85,d3782ac18925cb299b96ce161fe21077e01d8fc23c0c3529f1379866862b0a43
protocol_ladder_test/well_engineered_wrapper_L3,protocol_ladder_test,well_engineered_wrapper_L3,1324077,439,10023,662239,84,9546ed31c0b6c2aacc2184fd1028a7775eb949af362f5dcd99641332269aca86
wrapper_ablation_test/wrapper_full,wrapper_ablation_test,wrapper_full,2845368,444,31381,1478339,266,f932f34886423c08a623ed32068e5174478c706b8e11ad2f021bea105e36e8e4
wrapper_ablation_test/wrapper_name_scrambled_public_view,wrapper_ablation_test,wrapper_name_scrambled_public_view,2845368,444,31381,1478339,266,f932f34886423c08a623ed32068e5174478c706b8e11ad2f021bea105e36e8e4
wrapper_ablation_test/wrapper_no_boundary_special_case,wrapper_ablation_test,wrapper_no_boundary_special_case,2708164,445,31203,1412986,266,7d8f68af5f68abd25e5d3f0ad042d6ddfd80859bcff250e48e779a3a826321fc
wrapper_ablation_test/wrapper_no_contradiction_detector,wrapper_ablation_test,wrapper_no_contradiction_detector,2845368,444,31381,1478339,266,f932f34886423c08a623ed32068e5174478c706b8e11ad2f021bea105e36e8e4
wrapper_ablation_test/wrapper_no_public_candidate_search,wrapper_ablation_test,wrapper_no_public_candidate_search,2809884,443,31391,1461303,266,3a72e4a5df83be5f5fb54fe8469a08be983e3d7bbb416f0b256b3d81b06543bc
wrapper_ablation_test/wrapper_no_repair_loop,wrapper_ablation_test,wrapper_no_repair_loop,2845368,444,31381,1478339,266,f932f34886423c08a623ed32068e5174478c706b8e11ad2f021bea105e36e8e4
wrapper_ablation_test/wrapper_no_verifier_calls,wrapper_ablation_test,wrapper_no_verifier_calls,2480678,445,31381,1304468,266,70a40a3f626566c14090c609c65fc69d7b8b35c7bb97d9a5ad5a2c8462c1dc99
wrapper_ablation_test/wrapper_verify_budget_1,wrapper_ablation_test,wrapper_verify_budget_1,2845368,444,31381,1478339,266,f932f34886423c08a623ed32068e5174478c706b8e11ad2f021bea105e36e8e4
wrapper_ablation_test/wrapper_verify_budget_10,wrapper_ablation_test,wrapper_verify_budget_10,2845368,444,31381,1478339,266,f932f34886423c08a623ed32068e5174478c706b8e11ad2f021bea105e36e8e4
wrapper_ablation_test/wrapper_verify_budget_3,wrapper_ablation_test,wrapper_verify_budget_3,2845368,444,31381,1478339,266,f932f34886423c08a623ed32068e5174478c706b8e11ad2f021bea105e36e8e4
